Fri Jan  4 17:01:09 2019,ppqooqnprrporqnoooqpppprqpnpqqproqrqpoprppqqqooonqoqonmnonqqpppo
Fri Jan  4 17:01:09 2019,monqnpoqtprptnppmnlopnlmtppnsnqsoqrqpoprppqqqooomnpnnoompnorqqpo
Fri Jan  4 17:01:09 2019,monqnpoqtpqmtoonnrnrrtororpnppprnsqqoqoqsppproormnpnnoompnorqqpo
Fri Jan  4 17:01:09 2019,oqqrpsprtnqmtoonnrnrrtororpnppprsrqsqrqsoooqoonorprqrrppooornqmp
Fri Jan  4 17:01:09 2019,onqopooossorrqnsnooprnmqtpqpsqrrsrqrmtmupnqlqopnooqoolomprpqrrop
Fri Jan  4 17:01:09 2019,nqpqqpmrpsnrrrosonqppnplorpoqrprprnrmtmupnqlqopnooqoolomprpqrnom
Fri Jan  4 17:01:09 2019,nqpqqpmrpsnrrrosonqppnnrqonlonpposppoqoprnqmqmsooroqoqlrpmpnqnom
Fri Jan  4 17:01:09 2019,prpqnrosqqooroopnpmqrqnrqonlonppusrosqqqnqoropoqqoqmqnomrnopqoqo
Fri Jan  4 17:01:10 2019,onppponpoqnsrqnspqqrqrorqknkplqlusrosqqqnqoroponqoqoqpoloooqnqmo
Fri Jan  4 17:01:10 2019,onppponpoqporoqmpqmrqqpqpnnnooqoplqmpnnmonnoolnnqoqoqpoloooqnqmo
Fri Jan  4 17:01:10 2019,nposorotsnporoqmpqmrqqpqpnnnooqorqrqpoqporproqppsnqlqopmnonsnqqp
Fri Jan  4 17:01:10 2019,nopopnporrqssrorqnontnomoqnopqnmrsopmolrspsoqoppqmqnpnokooptoppr
Fri Jan  4 17:01:10 2019,qpqopppqrqqnrnnooqosrpnsqpnnqqpposopmolrspsoqoppqmqnpnokooptnrlq
Fri Jan  4 17:01:10 2019,qpqopppqrqqnrnnooqosrpqrqrnrmpptrqpprpqqoqnqopoqrnqoqmplppornrlq
Fri Jan  4 17:01:10 2019,mrprnqmurpopsonprnqrrnqrqrnrmpptsqsprpppoopoonoptprpqpqpsnrrqorp
Fri Jan  4 17:01:10 2019,oppqqqosoooprqloqsqqrpnrsknlpmpmsqsprpppoopoonopqopnonnlnrosoroq
Fri Jan  4 17:01:10 2019,oppqqqosooporqnqrrpsrpqsompnmnnpqopmooooqrpqpqopqopnonnlnrosoroq
Fri Jan  4 17:01:10 2019,mrororotqoporqnqrrpsrpqsompnmnnpsnrqqqrrqsosppqsooonpoomqqqsosor
Fri Jan  4 17:01:10 2019,qotqsprooroprqmrqoqruoqppomqnpmosppooppnpsrrpppsqoqopornnnormqmo
Fri Jan  4 17:01:10 2019,oooooopprrsrtsqrnqorpqnrqqolsopmsppooppnpsrrpppsqoqopornnnrspsrq
Fri Jan  4 17:01:10 2019,oooooopprrsrtsqrnqorsopoosnoqrosptqsotpsrnqoqprqprorpqmqporspsrq
Fri Jan  4 17:01:10 2019,opqopoonrrqsspptqqppsopoosnoqrosurrprspooqnroqorrpsproqpnpnrnqpo
Fri Jan  4 17:01:11 2019,nmrnonpmpsopqrnromomqlpjsppnrqqqurrprspooqnrnqnqqnqoploloqnsosnq
Fri Jan  4 17:01:11 2019,nmrnososopnpqpkoqoqptnpqpqppppoqqqrqprpqprprnqnqqnqoploloqnsosnq
Fri Jan  4 17:01:11 2019,nrnrpsosopnpqpkoqoqptnpqpqppppoorrrqroqpooponplprpqnqnpmqlqqqpro
Fri Jan  4 17:01:11 2019,orrsrrptqqnppokoqpsqurrqmrlpooloqsrqnsorrnrpsmspoqoqppmqpnqpoopq
Fri Jan  4 17:01:11 2019,oqorqrnrqpooqonopmoormqpnuprntotqsrqnsorrnrpsmspoqoqppoppnoqroqn
Fri Jan  4 17:01:11 2019,oqorqrnrqpooqonpsoppuproppnnnpmqssqpqsqpqorqrmqnqsproroppnoqroqn
Fri Jan  4 17:01:11 2019,rprqqpqropnrormpsoppuproppnnnpmqouqsrsnrsqrpqmspqoqopnnnrmppqnqm
Fri Jan  4 17:01:11 2019,oppoooqqoroopqmqnmqnrmpmmpkompnnouqsrsnqpnropmpnpqpqopnoompqnqno
Fri Jan  4 17:01:11 2019,opqprpqrqsopstotqopnsppnrrmrososnrppotnqpnropmpnpqpqopnoompqnqno
Fri Jan  4 17:01:11 2019,ppqprpqrqsopstotqopnsppnrtnopmlrtqsprpppppqpqporsproqqqoooproqpp
Fri Jan  4 17:01:11 2019,orrqpsorqopoqpnrsqrpupslptnopmlrotpqntnrrqqrpqproponppooploopnpn
Fri Jan  4 17:01:11 2019,oprrqqqrouprptnspporqqprqrnnrpppotpqntnrrqqrpqprqqqqqppqoonppoon
Fri Jan  4 17:01:11 2019,oprrqsntppopqqnoqqsrsorroolnonmpqsqoorosqpproooqqqqqqppqoonppoon
Fri Jan  4 17:01:11 2019,prrspsntppopqqnoqqsrsorroolnomqqrrtqqrrropoppnnpsqrpqqronoorpqoo
Fri Jan  4 17:01:12 2019,komomonpqpqpsqopmrmpoonpoqnmqmqqnpoonqlnrqqrqpoqrnpopnqmqnrqqqpo
Fri Jan  4 17:01:12 2019,mroroqousoqmspporprqtpppoqmporornpoonqlnrqqrqpoqrnpoppnoqnpppnpn
Fri Jan  4 17:01:12 2019,mroroqousoqmspppupsrspspmrlpornrpqqpqqmprrtoroqpnpnqnpnoqnpppnpn
Fri Jan  4 17:01:12 2019,orppprptropptqopupsrspspmrlponnnpsprpqnstoppsprpmpopnomnpmrproro
Fri Jan  4 17:01:12 2019,oprqqprprrprrrosplomrmnmoommonnnqsosornrrotqroqontmqnslqpqoqppno
Fri Jan  4 17:01:12 2019,lpnpnplqsoqptopooqnqoonpmrnqoojqqsosornrrotqroqonpponrmoqprrroqm
Fri Jan  4 17:01:12 2019,lpnpnplqrnqmvmplopporoomoskpntmtonppopnmooopponoppponrmoqprrroqm
Fri Jan  4 17:01:12 2019,olononpmrnqmvmplopporoomoskpntmqrqopopnopqropppqqoqoqproqkpqqpon
Fri Jan  4 17:01:12 2019,orpspsprqpqptrpqnqmoponpsrsptqtqqqrqprrqsoroqosoqqpppqoqmnoonnom
Fri Jan  4 17:01:12 2019,pqrqqrqronooqnlnosqtrrptqnnkpmolqqrqprrqsoroqosoqqpppqoqomqpoqoq
Fri Jan  4 17:01:12 2019,pqrqqrqronooqnlnosqsqqoslnpmmommrornrnqmpspqoqotqpqoqqqpomqpoqoq
Fri Jan  4 17:01:12 2019,ppsqqrrtqonprponqsqsqqoslnpmmommsprpprpoosoqopnppppnpnolmqoroqno
Fri Jan  4 17:01:12 2019,rqrqqqpspqnpqoopnpqrropomplnmpmrsprpprpoosoqnpmqpqqopoonnmnqooon
Fri Jan  4 17:01:12 2019,rqrqppmqqpqoupnmnpnqopmqqqonooroqrqqprproroqnpmqpqqopoonnmnqooon
Fri Jan  4 17:01:13 2019,mooqppmqqpqoupnmnpnqopmqqqonoospooomnonnqqppppornmpnonomopoqpqpp
Fri Jan  4 17:01:13 2019,nroqpqnsqsoptqqomnmnqplnsnsnspsprrrpqpprpoononmnqssqqtprsmqoqnrn
Fri Jan  4 17:01:13 2019,noopopoprqprstpqqprrspoopomonpporrrpqpprpoononmnqssqqtpnqpprproq
